{
    "samvatsaras": {
        "1": "ಪ್ರಭವ",
        "2": "ವಿಭವ",
        "3": "ಶುಕ್ಲ",
        "4": "ಪ್ರಮೋದೂತ",
        "5": "ಪ್ರಜೋತ್ಪತ್ತಿ",
        "6": "ಅಂಗೀರಸ",
        "7": "ಶ್ರೀಮುಖ",
        "8": "ಭಾವ",
        "9": "ಯುವ",
        "10": "ಧಾತ",
        "11": "ಈಶ್ವರ",
        "12": "ಬಹುಧಾನ್ಯ",
        "13": "ಪ್ರಮಾದಿ",
        "14": "ವಿಕ್ರಮ",
        "15": "ವೃಷ",
        "16": "ಚಿತ್ರಭಾನು",
        "17": "ಸ್ವಭಾನು",
        "18": "ತಾರಣ",
        "19": "ಪಾರ್ಥಿವ",
        "20": "ವ್ಯಯ",
        "21": "ಸರ್ವಜಿತ್",
        "22": "ಸರ್ವಧಾರಿ",
        "23": "ವಿರೋಧಿ",
        "24": "ವಿಕೃತಿ",
        "25": "ಖರ",
        "26": "ನಂದನ",
        "27": "ವಿಜಯ",
        "28": "ಜಯ",
        "29": "ಮನ್ಮಥ",
        "30": "ದುರ್ಮುಖಿ",
        "31": "ಹೇವಿಳಂಬಿ",
        "32": "ವಿಳಂಬಿ",
        "33": "ವಿಕಾರಿ",
        "34": "ಶಾರ್ವರಿ",
        "35": "ಪ್ಲವ",
        "36": "ಶುಭಕೃತ",
        "37": "ಶೋಭಕೃತ",
        "38": "ಕ್ರೋಧಿ",
        "39": "ವಿಶ್ವಾವಸು",
        "40": "ಪರಾಭವ",
        "41": "ಪ್ಲವಂಗ",
        "42": "ಕೀಲಕ",
        "43": "ಸೌಮ್ಯ",
        "44": "ಸಾಧಾರಣ",
        "45": "ವಿರೋಧಿಕೃತ",
        "46": "ಪರಿಧಾವಿ",
        "47": "ಪ್ರಮಾದ",
        "48": "ಆನಂದ",
        "49": "ರಾಕ್ಷಸ",
        "50": "ನಳ",
        "51": "ಪಿಂಗಳ",
        "52": "ಕಾಳಯುಕ್ತಿ",
        "53": "ಸಿದ್ಧಾರ್ಥಿ",
        "54": "ರೌದ್ರಿ",
        "55": "ದುರ್ಮತಿ",
        "56": "ದುಂದುಭಿ",
        "57": "ರುಧಿರೋದ್ಗಾರಿ",
        "58": "ರಕ್ತಾಕ್ಷಿ",
        "59": "ಕ್ರೋಧನ",
        "60": "ಅಕ್ಷಯ"
    },
    "ayanas": {
        "1": "ಉತ್ತರಾ ",
        "2": "ದಕ್ಷಿಣಾ"
    },
    "ritus": {
        "1": "ವಸಂತ",
        "2": "ಗೀಷ್ಮ",
        "3": "ವರ್ಷ",
        "4": "ಶರದ",
        "5": "ಹೇಮಂತ",
        "6": "ಶಿಶಿರ"
    },
    "maasas": {
        "1": "ಚೈತ್ರ",
        "2": "ವೈಶಾಖ",
        "3": "ಜ್ಯೇಷ್ಠ",
        "4": "ಆಷಾಢ",
        "5": "ಶ್ರಾವಣ",
        "6": "ಭಾದ್ರಪದ",
        "7": "ಆಶ್ವೇಜ",
        "8": "ಕಾರ್ತೀಕ",
        "9": "ಮಾರ್ದಶಿರ",
        "10": "ಪುಷ್ಯ",
        "11": "ಮಾಘ",
        "12": "ಫಾಲ್ಗುಣ"
    },
    "tithis": {
        "1": "ಶುಕ್ಲಾ ಪಾಡ್ಯ",
        "2": "ಶುಕ್ಲಾ ಬಿದಿಗೆ",
        "3": "ಶುಕ್ಲಾ ತದಿಗೆ",
        "4": "ಶುಕ್ಲಾ ಚೌತಿ",
        "5": "ಶುಕ್ಲಾ ಪಂಚಮಿ",
        "6": "ಶುಕ್ಲಾ ಷಷ್ಟಿ",
        "7": "ಶುಕ್ಲಾ ಸ್ಪಥಮಿ",
        "8": "ಶುಕ್ಲಾ ಅಷ್ಟಮಿ",
        "9": "ಶುಕ್ಲಾ ನವಮಿ",
        "10": "ಶುಕ್ಲಾ ದಶಮಿ",
        "11": "ಶುಕ್ಲಾ ಏಕಾದಶಿ",
        "12": "ಶುಕ್ಲಾ ದ್ವಾದಶಿ",
        "13": "ಶುಕ್ಲಾ ತ್ರಯೊದಷಿ",
        "14": "ಶುಕ್ಲಾ ಚತುರ್ದಶೀ",
        "15": "ಪೂರ್ಣಿಮಾ",
        "16": "ಕೃಷ್ಣ ಪಾಡ್ಯ",
        "17": "ಕೃಷ್ಣ ಬಿದಿಗೆ",
        "18": "ಕೃಷ್ಣ ತದಿಗೆ",
        "19": "ಕೃಷ್ಣ ಚೌತಿ",
        "20": "ಕೃಷ್ಣ ಪಂಚಮಿ",
        "21": "ಕೃಷ್ಣ ಷಷ್ಟಿ",
        "22": "ಕೃಷ್ಣ ಸ್ಪಥಮಿ",
        "23": "ಕೃಷ್ಣ ಅಷ್ಟಮಿ",
        "24": "ಕೃಷ್ಣ ನವಮಿ",
        "25": "ಕೃಷ್ಣ ದಶಮಿ",
        "26": "ಕೃಷ್ಣ ಏಕಾದಶಿ",
        "27": "ಕೃಷ್ಣ ದ್ವಾದಶಿ",
        "28": "ಕೃಷ್ಣ ತ್ರಯೊದಷಿ",
        "29": "ಕೃಷ್ಣ ಚತುರ್ದಶೀ",
        "30": "ಅಮವಾಸ್ಯ"
    },

    "vaaras":
    {
        "1":"ಭಾನುವಾರ",
        "2":"ಸೋಮವಾರ",
        "3":"ಮಂಗಳವಾರ",
        "4":"ಬುಧವಾರ",
        "5":"ಗುರುವಾರ",
        "6":"ಶುಕ್ರವಾರ",
        "7":"ಶನಿವಾರ"
    },

    "rashis":
    {
        "1":"ಮೇಷ",
        "2":"ವೃಷಭ",
        "3":"ಮಿಥುನ",
        "4":"ಕರ್ಕಾಟಕ",
        "5":"ಸಿಂಹ ",
        "6":"ಕನ್ಯಾ ",
        "7":"ತುಲಾ ",
        "8":"ವೃಶ್ಚಿಕ ",
        "9":"ಧನು ",
        "10":"ಮಕರ ",
        "11":"ಕುಂಭ",
        "12":"ಮೀನ"
    },

    "nakshatras": {
        "1": "ಅಶ್ವಿನಿ",
        "2": "ಭರಣಿ",
        "3": "ಕ್ರತ್ತಿಕಾ",
        "4": "ರೋಹಿಣಿ",
        "5": "ಮ್ರಗಶಿರಾ",
        "6": "ಆರ್ದ್ರ",
        "7": "ಪುನರ್ವಾಸು",
        "8": "ಪುಷ್ಯಾ",
        "9": "ಅಶ್ಲೇಷಾ",
        "10": "ಮಘಾ",
        "11": "ಹುಬ್ಬಾ",
        "12": "ಉತ್ತರಾ",
        "13": "ಹಸ್ತಾ",
        "14": "ಚಿತ್ರಾ",
        "15": "ಸ್ವಾತೀ",
        "16": "ವಿಶಾಖಾ",
        "17": "ಅನುರಾಧಾ",
        "18": "ಜ್ಯೇಷ್ಠ",
        "19": "ಮೂಲಾ",
        "20": "ಪೂರ್ವಾ ಆಶಾಧ",
        "21": "ಉತ್ತರ ಆಶಾಧ",
        "22": "ಶ್ರವಣಾ",
        "23": "ಧನಿಸ್ಥಾ",
        "24": "ಶತಾಭಿಶಾ",
        "25": "ಪೂರ್ವಾ ಭಾದ್ರ",
        "26": "ಉತ್ತರ ಭಾದ್ರ",
        "27": "ರೇವತಿ"
    },

    "gotras": {
        "1":"Gargya",
        "2":"Athri",
        "3":"Koundinya",
        "4":"Bharadwaja",
        "5":"Koushika",
        "6":"ShankhaPingalaKounsa",
        "7":"Kondinaya",
        "8":"Atri",
        "9":"Bharadvaja",
        "10":"Gautama",
        "11":"Kashyapa",
        "12":"Kamshi",
        "13":"Kausika",
        "14":"Vatsa",
        "15":"Vasishta",
        "16":"Kaundinya",
        "17":"Vishvamitra",
        "18":"Kaushika",
        "19":"Jamadagni"
  }
}
